-0.01, 0.00213
-0.04, 0.00351
-0.01, 0.00490
-0.01, 0.00628
-0.01, 0.00768
0.07, 0.00905
-0.01, 0.01043
-0.01, 0.01182
0.17, 0.01319
-0.01, 0.01459
-0.04, 0.01597
0.17, 0.01735
-0.04, 0.01874
-0.04, 0.02013
0.22, 0.02151
-0.04, 0.02290
-0.01, 0.02429
0.20, 0.02566
-0.01, 0.02705
-0.04, 0.02844
0.22, 0.02982
0.54, 0.03120
-0.07, 0.03257
0.22, 0.03396
1.04, 0.03534
-0.01, 0.03672
0.22, 0.03810
1.39, 0.03948
-0.04, 0.04087
0.22, 0.04225
1.31, 0.04363
-0.04, 0.04501
0.15, 0.04640
1.18, 0.04778
-0.04, 0.04917
0.09, 0.05055
1.04, 0.05194
-0.01, 0.05333
0.01, 0.05472
0.89, 0.05611
-0.04, 0.05750
-0.04, 0.05888
0.89, 0.06027
0.12, 0.06165
-0.04, 0.06304
0.73, 0.06441
0.67, 0.06581
-0.04, 0.06720
0.52, 0.06857
1.10, 0.06996
-0.04, 0.07135
0.46, 0.07274
1.76, 0.07412
-0.01, 0.07551
0.33, 0.07689
1.76, 0.07828
-0.01, 0.07966
0.12, 0.08105
2.26, 0.08243
-0.04, 0.08380
0.04, 0.08519
1.84, 0.08656
-0.04, 0.08795
-0.01, 0.08935
1.60, 0.09073
-0.04, 0.09212
-0.04, 0.09351
1.36, 0.09489
0.38, 0.09629
-0.04, 0.09767
1.02, 0.09905
0.94, 0.10043
-0.01, 0.10182
0.65, 0.10320
1.31, 0.10459
-0.04, 0.10598
0.46, 0.10736
1.68, 0.10876
-0.04, 0.11015
0.15, 0.11152
1.78, 0.11291
-0.04, 0.11430
0.01, 0.11568
1.94, 0.11707
-0.04, 0.11845
-0.04, 0.11984
1.99, 0.12122
-0.04, 0.12261
-0.01, 0.12401
1.94, 0.12539
0.28, 0.12678
-0.04, 0.12818
1.94, 0.12956
0.65, 0.13095
-0.04, 0.13234
1.36, 0.13372
0.91, 0.13510
-0.04, 0.13649
0.75, 0.13788
1.31, 0.13927
-0.04, 0.14066
0.70, 0.14204
1.52, 0.14342
-0.01, 0.14481
0.28, 0.14619
1.44, 0.14758
-0.04, 0.14897
-0.01, 0.15036
1.81, 0.15175
-0.04, 0.15313
-0.01, 0.15452
1.89, 0.15590
0.20, 0.15729
-0.04, 0.15867
1.62, 0.16005
0.41, 0.16142
-0.01, 0.16281
1.60, 0.16420
0.70, 0.16557
-0.01, 0.16696
1.68, 0.16834
0.89, 0.16973
-0.04, 0.17113
1.18, 0.17252
1.04, 0.17390
-0.04, 0.17529
0.89, 0.17668
1.02, 0.17807
-0.01, 0.17947
0.30, 0.18086
1.07, 0.18224
-0.04, 0.18363
0.12, 0.18501
1.49, 0.18639
0.04, 0.18777
0.01, 0.18915
1.47, 0.19054
0.38, 0.19193
-0.04, 0.19331
1.25, 0.19470
0.44, 0.19608
-0.04, 0.19746
1.55, 0.19884
0.75, 0.20022
-0.04, 0.20160
1.25, 0.20300
0.73, 0.20437
-0.01, 0.20576
1.47, 0.20716
1.02, 0.20854
-0.04, 0.20993
1.36, 0.21131
0.86, 0.21269
-0.04, 0.21408
1.15, 0.21546
1.12, 0.21684
-0.01, 0.21822
0.73, 0.21961
1.18, 0.22099
0.12, 0.22238
0.01, 0.22376
0.78, 0.22515
0.33, 0.22654
-0.01, 0.22792
0.86, 0.22932
0.30, 0.23071
-0.04, 0.23209
0.96, 0.23348
0.44, 0.23487
-0.04, 0.23626
0.99, 0.23764
0.54, 0.23903
-0.04, 0.24042
1.04, 0.24180
0.67, 0.24320
-0.04, 0.24457
0.96, 0.24595
0.67, 0.24733
-0.01, 0.24871
0.94, 0.25010
0.65, 0.25148
0.04, 0.25285
0.81, 0.25423
0.65, 0.25563
0.04, 0.25700
0.70, 0.25837
0.57, 0.25976
0.28, 0.26114
0.52, 0.26253
0.62, 0.26391
0.46, 0.26529
0.12, 0.26666
0.96, 0.26805
0.52, 0.26944
-0.01, 0.27083
0.78, 0.27221
0.33, 0.27359
-0.01, 0.27497
0.57, 0.27636
0.30, 0.27774
-0.04, 0.27912
0.86, 0.28051
0.75, 0.28190
-0.04, 0.28328
0.75, 0.28466
0.57, 0.28605
-0.01, 0.28743
0.52, 0.28881
0.36, 0.29020
0.12, 0.29156
0.86, 0.29294
0.75, 0.29433
0.15, 0.29570
0.57, 0.29708
0.46, 0.29846
0.25, 0.29984
0.49, 0.30123
0.62, 0.30261
0.44, 0.30400
0.67, 0.30539
0.49, 0.30677
0.07, 0.30814
0.46, 0.30954
0.70, 0.31092
0.54, 0.31231
0.04, 0.31370
0.41, 0.31507
0.30, 0.31646
-0.01, 0.31786
0.59, 0.31924
0.54, 0.32062
0.01, 0.32200
0.44, 0.32338
0.20, 0.32475
0.12, 0.32614
0.62, 0.32752
0.44, 0.32890
0.01, 0.33026
0.25, 0.33163
0.41, 0.33302
0.25, 0.33440
0.54, 0.33578
0.28, 0.33717
0.15, 0.33855
0.65, 0.33993
0.59, 0.34132
0.20, 0.34269
0.22, 0.34407
0.38, 0.34546
0.49, 0.34684
0.49, 0.34822
0.30, 0.34960
0.36, 0.35098
0.54, 0.35236
0.54, 0.35374
0.38, 0.35512
0.33, 0.35650
0.41, 0.35787
0.41, 0.35925
0.44, 0.36063
0.30, 0.36202
0.30, 0.36339
0.04, 0.36478
0.41, 0.36616
0.20, 0.36754
0.07, 0.36892
0.36, 0.37030
0.41, 0.37166
-0.01, 0.37306
0.33, 0.37444
0.28, 0.37583
0.15, 0.37720
0.30, 0.37858
0.22, 0.37996
0.22, 0.38134
0.46, 0.38272
0.38, 0.38410
0.09, 0.38548
0.28, 0.38686
0.36, 0.38824
0.12, 0.38962
0.25, 0.39100
0.22, 0.39238
0.38, 0.39375
0.44, 0.39513
0.28, 0.39652
0.07, 0.39790
0.38, 0.39927
0.38, 0.40066
0.07, 0.40205
-0.04, 0.40344
0.44, 0.40483
0.36, 0.40620
-0.04, 0.40760
0.17, 0.40897
0.30, 0.41035
-0.04, 0.41174
0.28, 0.41312
-0.04, 0.41450
-0.01, 0.41589
0.49, 0.41727
0.17, 0.41864
0.01, 0.42002
0.33, 0.42140
0.46, 0.42279
-0.04, 0.42418
0.15, 0.42556
0.28, 0.42695
0.15, 0.42833
0.36, 0.42972
0.12, 0.43109
0.17, 0.43248
0.49, 0.43386
0.44, 0.43524
-0.04, 0.43663
-0.01, 0.43801
0.46, 0.43939
0.20, 0.44077
-0.04, 0.44215
0.07, 0.44353
0.33, 0.44490
-0.04, 0.44628
0.38, 0.44766
-0.04, 0.44904
-0.01, 0.45043
0.54, 0.45182
0.28, 0.45320
-0.01, 0.45459
0.28, 0.45598
0.49, 0.45736
-0.04, 0.45874
0.28, 0.46013
0.15, 0.46151
-0.04, 0.46291
0.57, 0.46429
0.36, 0.46567
-0.04, 0.46706
0.38, 0.46845
0.52, 0.46983
0.01, 0.47121
-0.01, 0.47260
0.30, 0.47398
0.15, 0.47536
-0.01, 0.47674
0.41, 0.47812
-0.01, 0.47951
-0.04, 0.48089
0.33, 0.48227
0.25, 0.48366
-0.04, 0.48504
0.33, 0.48642
0.07, 0.48780
-0.04, 0.48918
0.52, 0.49056
0.15, 0.49195
-0.04, 0.49333
0.30, 0.49471
0.38, 0.49610
-0.01, 0.49748
0.46, 0.49886
0.04, 0.50024
-0.04, 0.50164
0.59, 0.50302
0.49, 0.50440
-0.04, 0.50578
-0.01, 0.50718
0.33, 0.50856
-0.04, 0.50995
-0.01, 0.51135
0.38, 0.51274
-0.01, 0.51412
-0.04, 0.51552
0.41, 0.51690
0.07, 0.51828
-0.01, 0.51967
0.33, 0.52104
0.01, 0.52242
-0.01, 0.52382
0.57, 0.52521
0.20, 0.52660
-0.04, 0.52799
0.28, 0.52937
0.20, 0.53076
-0.04, 0.53214
0.67, 0.53353
0.30, 0.53492
-0.04, 0.53630
0.01, 0.53767
0.33, 0.53906
-0.01, 0.54045
-0.04, 0.54185
0.44, 0.54323
-0.01, 0.54460
-0.04, 0.54599
0.17, 0.54736
-0.01, 0.54875
-0.01, 0.55014
0.54, 0.55153
-0.04, 0.55291
-0.04, 0.55430
0.38, 0.55567
-0.04, 0.55706
-0.04, 0.55846
0.59, 0.55984
0.04, 0.56123
-0.04, 0.56262
0.25, 0.56399
0.09, 0.56538
-0.04, 0.56676
0.62, 0.56814
0.20, 0.56951
-0.04, 0.57090
0.01, 0.57228
0.12, 0.57366
-0.01, 0.57505
-0.04, 0.57644
0.41, 0.57782
-0.01, 0.57921
-0.04, 0.58060
0.36, 0.58198
-0.04, 0.58337
-0.04, 0.58476
0.36, 0.58614
-0.07, 0.58752
-0.04, 0.58891
0.62, 0.59029
-0.04, 0.59168
-0.01, 0.59307
0.52, 0.59444
-0.01, 0.59583
-0.04, 0.59722
0.44, 0.59860
-0.01, 0.59997
-0.04, 0.60136
0.25, 0.60276
-0.04, 0.60414
-0.01, 0.60553
-0.01, 0.60692
0.07, 0.60831
-0.01, 0.60969
-0.04, 0.61108
0.09, 0.61247
-0.04, 0.61385
-0.01, 0.61524
0.15, 0.61663
-0.01, 0.61802
-0.01, 0.61940
0.49, 0.62078
-0.01, 0.62217
-0.01, 0.62356
0.59, 0.62496
-0.01, 0.62635
-0.01, 0.62775
0.49, 0.62913
-0.01, 0.63051
-0.04, 0.63190
0.07, 0.63328
-0.04, 0.63467
-0.04, 0.63606
-0.01, 0.63744
-0.04, 0.63883
-0.01, 0.64021
-0.01, 0.64160
-0.01, 0.64298
-0.01, 0.64437
-0.07, 0.64576
0.04, 0.64713
-0.04, 0.64853
-0.04, 0.64992
0.20, 0.65130
-0.01, 0.65268
-0.01, 0.65407
0.33, 0.65546
-0.01, 0.65684
-0.01, 0.65823
0.44, 0.65961
-0.04, 0.66099
-0.01, 0.66238
0.17, 0.66377
-0.04, 0.66515
-0.04, 0.66653
-0.04, 0.66792
-0.07, 0.66931
-0.04, 0.67068
-0.04, 0.67208
-0.01, 0.67346
-0.04, 0.67486
-0.04, 0.67624
-0.04, 0.67763
-0.04, 0.67902
-0.04, 0.68041
-0.04, 0.68179
-0.01, 0.68317
-0.04, 0.68456
-0.04, 0.68595
-0.04, 0.68734
-0.04, 0.68872
0.04, 0.69009
-0.04, 0.69148
-0.04, 0.69288
0.07, 0.69426
-0.04, 0.69565
-0.01, 0.69704
-0.01, 0.69842
-0.01, 0.69981
-0.04, 0.70120
-0.04, 0.70258
-0.04, 0.70397
-0.01, 0.70534
-0.04, 0.70674
-0.01, 0.70812
-0.04, 0.70951
-0.01, 0.71090
-0.01, 0.71228
-0.04, 0.71367
-0.04, 0.71506
-0.04, 0.71645
-0.04, 0.71784
-0.04, 0.71922
-0.04, 0.72061
-0.04, 0.72200
-0.01, 0.72338
0.04, 0.72476
-0.04, 0.72614
-0.04, 0.72753
0.25, 0.72892
-0.04, 0.73030
-0.04, 0.73168
0.20, 0.73306
-0.04, 0.73445
-0.01, 0.73583
0.12, 0.73720
-0.01, 0.73859
-0.01, 0.73998
-0.01, 0.74136
-0.04, 0.74276
-0.04, 0.74415
-0.04, 0.74554
-0.04, 0.74692
-0.04, 0.74831
-0.04, 0.74970
-0.01, 0.75108
-0.04, 0.75246
-0.04, 0.75385
-0.04, 0.75523
-0.01, 0.75661
-0.04, 0.75801
0.15, 0.75939
-0.01, 0.76077
-0.01, 0.76217
0.54, 0.76356
-0.01, 0.76494
-0.04, 0.76632
0.78, 0.76771
-0.04, 0.76909
-0.04, 0.77048
0.78, 0.77187
-0.04, 0.77326
-0.04, 0.77465
0.62, 0.77603
-0.04, 0.77742
-0.01, 0.77880
0.52, 0.78019
-0.04, 0.78158
-0.07, 0.78298
0.12, 0.78435
-0.04, 0.78574
-0.01, 0.78713
-0.01, 0.78852
0.20, 0.78990
-0.04, 0.79128
-0.04, 0.79266
0.41, 0.79404
-0.01, 0.79543
-0.01, 0.79681
0.54, 0.79821
-0.04, 0.79958
-0.01, 0.80097
0.62, 0.80234
-0.01, 0.80373
-0.01, 0.80512
1.07, 0.80652
-0.01, 0.80790
-0.04, 0.80929
1.28, 0.81066
-0.04, 0.81205
-0.04, 0.81343
1.20, 0.81481
-0.01, 0.81620
-0.04, 0.81758
1.12, 0.81897
0.01, 0.82034
-0.04, 0.82174
0.89, 0.82312
0.20, 0.82450
-0.04, 0.82589
0.73, 0.82727
0.52, 0.82866
-0.04, 0.83004
0.22, 0.83141
0.65, 0.83280
-0.01, 0.83418
-0.04, 0.83556
0.67, 0.83696
-0.01, 0.83834
-0.04, 0.83973
1.07, 0.84111
-0.04, 0.84249
-0.04, 0.84388
1.04, 0.84526
-0.04, 0.84665
-0.04, 0.84804
0.86, 0.84942
-0.04, 0.85080
-0.04, 0.85219
1.39, 0.85357
0.04, 0.85495
-0.01, 0.85634
1.04, 0.85773
0.22, 0.85910
-0.04, 0.86048
1.49, 0.86186
0.57, 0.86325
-0.04, 0.86463
1.10, 0.86601
0.52, 0.86740
-0.01, 0.86878
1.15, 0.87016
0.89, 0.87154
-0.04, 0.87292
0.38, 0.87430
0.62, 0.87568
-0.04, 0.87706
0.41, 0.87844
1.02, 0.87982
-0.01, 0.88120
-0.04, 0.88259
0.91, 0.88397
-0.04, 0.88536
-0.04, 0.88675
0.83, 0.88814
0.01, 0.88952
-0.01, 0.89091
1.18, 0.89230
0.20, 0.89367
-0.07, 0.89506
1.15, 0.89644
0.46, 0.89783
-0.04, 0.89922
1.07, 0.90060
0.52, 0.90198
-0.01, 0.90338
0.91, 0.90475
0.41, 0.90613
-0.04, 0.90753
1.04, 0.90892
0.62, 0.91029
-0.04, 0.91169
1.07, 0.91308
0.81, 0.91447
-0.01, 0.91585
0.75, 0.91724
0.91, 0.91862
-0.01, 0.92000
0.25, 0.92138
0.99, 0.92276
0.07, 0.92414
0.04, 0.92552
0.99, 0.92690
0.20, 0.92828
-0.04, 0.92967
1.04, 0.93106
0.30, 0.93243
-0.04, 0.93380
0.91, 0.93518
0.36, 0.93658
-0.04, 0.93796
0.89, 0.93936
0.38, 0.94074
-0.01, 0.94212
0.75, 0.94351
0.33, 0.94488
-0.01, 0.94626
0.62, 0.94765
0.54, 0.94904
-0.04, 0.95043
0.75, 0.95182
0.59, 0.95320
0.01, 0.95458
0.99, 0.95596
0.86, 0.95734
0.04, 0.95872
0.83, 0.96010
0.70, 0.96148
0.07, 0.96286
0.59, 0.96424
0.41, 0.96562
0.20, 0.96700
0.33, 0.96837
0.75, 0.96976
0.41, 0.97114
0.04, 0.97252
0.75, 0.97390
0.30, 0.97528
-0.01, 0.97666
0.49, 0.97804
0.22, 0.97942
-0.04, 0.98080
0.78, 0.98218
0.57, 0.98356
-0.04, 0.98495
0.67, 0.98634
0.30, 0.98771
-0.04, 0.98910
0.41, 0.99047
0.49, 0.99186
-0.04, 0.99324
0.78, 0.99463
0.54, 0.99602
0.01, 0.99740
0.54, 0.99878
0.46, 1.00016
0.28, 1.00154
0.65, 1.00294
0.59, 1.00432
0.04, 1.00572
0.38, 1.00710
0.41, 1.00847
0.41, 1.00986
0.73, 1.01124
0.59, 1.01264
0.09, 1.01402
0.07, 1.01542
0.65, 1.01679
0.59, 1.01818
0.01, 1.01956
0.36, 1.02096
0.30, 1.02234
-0.07, 1.02372
0.54, 1.02511
0.49, 1.02650
-0.01, 1.02789
0.44, 1.02928
0.33, 1.03065
0.17, 1.03202
0.54, 1.03341
0.33, 1.03478
0.01, 1.03616
0.36, 1.03754
0.52, 1.03892
0.20, 1.04030
0.36, 1.04169
0.20, 1.04307
0.28, 1.04445
0.62, 1.04583
0.46, 1.04722
0.07, 1.04860
0.30, 1.04998
0.59, 1.05136
0.44, 1.05274
0.28, 1.05413
0.38, 1.05550
0.52, 1.05688
0.62, 1.05826
0.38, 1.05964
0.15, 1.06103
0.41, 1.06240
0.59, 1.06378
0.36, 1.06516
0.04, 1.06653
0.38, 1.06792
0.49, 1.06931
0.07, 1.07070
0.17, 1.07206
0.25, 1.07346
0.25, 1.07484
0.38, 1.07623
0.20, 1.07761
0.20, 1.07900
0.54, 1.08037
0.33, 1.08175
-0.04, 1.08314
0.33, 1.08453
0.46, 1.08591
0.17, 1.08729
0.22, 1.08867
0.33, 1.09004
0.38, 1.09142
0.41, 1.09281
0.17, 1.09419
0.17, 1.09556
0.54, 1.09695
0.36, 1.09832
0.07, 1.09970
0.25, 1.10108
0.49, 1.10248
0.36, 1.10387
-0.01, 1.10527
0.30, 1.10665
0.44, 1.10802
-0.04, 1.10942
0.20, 1.11080
0.22, 1.11218
-0.01, 1.11357
0.41, 1.11495
0.15, 1.11634
0.01, 1.11771
0.49, 1.11910
0.38, 1.12049
-0.04, 1.12187
0.33, 1.12324
0.46, 1.12463
0.12, 1.12602
0.22, 1.12740
0.25, 1.12879
0.28, 1.13019
0.44, 1.13157
0.30, 1.13295
0.09, 1.13432
0.09, 1.13571
0.41, 1.13708
0.12, 1.13846
-0.04, 1.13986
0.38, 1.14124
0.38, 1.14262
-0.04, 1.14402
0.28, 1.14540
0.22, 1.14677
-0.04, 1.14817
0.38, 1.14956
0.12, 1.15094
-0.04, 1.15233
0.36, 1.15370
0.44, 1.15509
-0.04, 1.15648
0.36, 1.15786
0.25, 1.15925
-0.01, 1.16064
0.38, 1.16202
0.20, 1.16340
0.07, 1.16479
0.44, 1.16617
0.49, 1.16755
-0.01, 1.16894
-0.01, 1.17032
0.30, 1.17172
0.20, 1.17310
-0.04, 1.17448
0.17, 1.17587
0.17, 1.17725
-0.01, 1.17864
0.49, 1.18003
0.01, 1.18141
-0.04, 1.18280
0.41, 1.18418
0.44, 1.18556
-0.01, 1.18696
0.20, 1.18834
0.25, 1.18973
-0.04, 1.19113
0.57, 1.19251
0.15, 1.19388
-0.01, 1.19528
0.49, 1.19668
0.54, 1.19806
-0.04, 1.19945
-0.01, 1.20084
0.30, 1.20222
-0.01, 1.20361
-0.07, 1.20500
0.41, 1.20638
-0.01, 1.20777
-0.04, 1.20916
0.38, 1.21054
0.12, 1.21192
-0.04, 1.21330
0.28, 1.21468
0.04, 1.21606
-0.04, 1.21744
0.57, 1.21884
0.15, 1.22023
-0.04, 1.22162
0.25, 1.22301
0.30, 1.22438
-0.01, 1.22577
0.59, 1.22716
0.12, 1.22854
-0.04, 1.22994
0.01, 1.23132
0.54, 1.23271
-0.04, 1.23410
-0.01, 1.23548
0.20, 1.23685
-0.01, 1.23825
-0.01, 1.23964
0.52, 1.24102
-0.04, 1.24242
-0.07, 1.24381
0.20, 1.24518
-0.01, 1.24658
-0.04, 1.24796
0.70, 1.24934
0.04, 1.25073
-0.04, 1.25212
0.28, 1.25350
0.17, 1.25488
-0.01, 1.25627
0.57, 1.25766
0.20, 1.25904
-0.04, 1.26044
0.04, 1.26183
0.15, 1.26321
-0.04, 1.26460
-0.01, 1.26600
0.44, 1.26738
-0.01, 1.26877
-0.01, 1.27016
0.15, 1.27153
-0.04, 1.27292
-0.01, 1.27432
0.57, 1.27570
-0.04, 1.27710
-0.04, 1.27848
0.36, 1.27985
-0.04, 1.28125
-0.04, 1.28264
0.44, 1.28403
-0.01, 1.28542
-0.04, 1.28681
0.67, 1.28820
0.01, 1.28959
-0.01, 1.29096
0.01, 1.29236
0.04, 1.29375
-0.04, 1.29513
-0.01, 1.29651
0.33, 1.29790
-0.01, 1.29928
-0.01, 1.30067
0.25, 1.30205
-0.04, 1.30344
-0.04, 1.30484
0.12, 1.30621
-0.04, 1.30760
-0.04, 1.30899
0.62, 1.31037
-0.04, 1.31177
-0.04, 1.31316
0.62, 1.31453
-0.04, 1.31592
-0.01, 1.31731
0.44, 1.31869
-0.01, 1.32008
-0.01, 1.32147
-0.01, 1.32286
-0.01, 1.32427
-0.04, 1.32566
-0.04, 1.32704
0.04, 1.32844
-0.04, 1.32982
-0.04, 1.33121
0.17, 1.33258
-0.07, 1.33396
-0.01, 1.33534
0.20, 1.33673
-0.04, 1.33812
-0.04, 1.33952
0.28, 1.34091
-0.04, 1.34229
-0.04, 1.34369
0.25, 1.34508
-0.04, 1.34647
-0.01, 1.34787
0.25, 1.34926
-0.04, 1.35064
-0.04, 1.35203
-0.04, 1.35341
-0.01, 1.35480
-0.04, 1.35619
-0.04, 1.35758
-0.04, 1.35898
-0.04, 1.36037
-0.04, 1.36176
-0.04, 1.36314
-0.04, 1.36453
-0.04, 1.36592
0.04, 1.36731
-0.04, 1.36869
-0.01, 1.37008
0.20, 1.37148
-0.04, 1.37286
-0.01, 1.37425
0.20, 1.37564
-0.04, 1.37703
-0.04, 1.37842
-0.04, 1.37982
-0.01, 1.38120
-0.01, 1.38259
-0.01, 1.38398
-0.04, 1.38536
-0.04, 1.38676
-0.01, 1.38816
-0.01, 1.38954
-0.04, 1.39094
-0.04, 1.39232
-0.04, 1.39371
-0.04, 1.39510
-0.04, 1.39648
-0.01, 1.39788
-0.04, 1.39926
-0.04, 1.40064
-0.04, 1.40204
-0.04, 1.40343
-0.04, 1.40482
0.01, 1.40620
-0.01, 1.40758
-0.01, 1.40897
-0.04, 1.41036
-0.01, 1.41175
-0.04, 1.41314
-0.01, 1.41452
0.01, 1.41590
-0.04, 1.41730
-0.04, 1.41868
-0.04, 1.42006
-0.04, 1.42146
-0.04, 1.42284
-0.04, 1.42423
-0.04, 1.42562
-0.04, 1.42701
-0.04, 1.42839
-0.04, 1.42978
-0.01, 1.43118
-0.04, 1.43256
-0.01, 1.43396
-0.01, 1.43535
0.09, 1.43673
-0.01, 1.43812
-0.04, 1.43951
0.28, 1.44090
-0.01, 1.44228
-0.01, 1.44367
0.30, 1.44505
-0.01, 1.44644
-0.04, 1.44782
0.04, 1.44921
-0.04, 1.45060
-0.01, 1.45199
-0.01, 1.45339
-0.01, 1.45477
-0.04, 1.45616
-0.01, 1.45756
-0.04, 1.45894
-0.01, 1.46033
-0.04, 1.46172
-0.04, 1.46311
-0.01, 1.46449
-0.04, 1.46588
0.12, 1.46725
-0.04, 1.46865
-0.01, 1.47004
0.33, 1.47141
-0.01, 1.47280
-0.07, 1.47419
0.78, 1.47557
-0.04, 1.47697
-0.01, 1.47835
0.91, 1.47973
-0.04, 1.48112
-0.04, 1.48251
0.81, 1.48390
-0.04, 1.48528
-0.01, 1.48666
0.38, 1.48804
-0.01, 1.48943
-0.04, 1.49081
0.28, 1.49220
-0.04, 1.49358
-0.04, 1.49496
0.22, 1.49635
0.07, 1.49774
-0.01, 1.49912
-0.01, 1.50052
0.41, 1.50189
-0.04, 1.50328
-0.04, 1.50466
0.54, 1.50605
-0.01, 1.50744
-0.04, 1.50884
0.65, 1.51023
-0.04, 1.51162
-0.01, 1.51300
1.04, 1.51438
-0.04, 1.51578
-0.01, 1.51717
1.31, 1.51855
-0.04, 1.51995
-0.04, 1.52133
1.25, 1.52272
-0.04, 1.52411
-0.04, 1.52550
0.94, 1.52688
0.07, 1.52826
-0.01, 1.52964
0.75, 1.53103
0.36, 1.53240
-0.04, 1.53378
0.62, 1.53517
0.57, 1.53655
-0.04, 1.53793
0.12, 1.53932
0.73, 1.54070
-0.04, 1.54208
-0.04, 1.54347
0.65, 1.54486
-0.04, 1.54625
-0.01, 1.54764
1.18, 1.54902
-0.04, 1.55042
-0.01, 1.55181
1.10, 1.55319
-0.04, 1.55458
-0.04, 1.55597
1.18, 1.55735
0.01, 1.55874
-0.04, 1.56012
1.33, 1.56150
0.22, 1.56288
-0.04, 1.56427
1.23, 1.56565
0.36, 1.56704
-0.04, 1.56843
1.44, 1.56981
0.73, 1.57119
-0.04, 1.57258
0.75, 1.57397
0.62, 1.57535
-0.04, 1.57675
0.38, 1.57813
0.96, 1.57952
-0.01, 1.58090
0.15, 1.58228
0.99, 1.58367
-0.01, 1.58505
-0.01, 1.58645
0.91, 1.58783
-0.04, 1.58922
-0.01, 1.59062
1.23, 1.59200
0.15, 1.59338
-0.04, 1.59477
0.99, 1.59614
0.36, 1.59754
-0.04, 1.59893
0.91, 1.60030
0.30, 1.60168
-0.07, 1.60307
1.12, 1.60446
0.54, 1.60584
-0.01, 1.60722
1.18, 1.60860
0.81, 1.60999
-0.01, 1.61138
1.28, 1.61276
0.94, 1.61414
-0.01, 1.61553
0.70, 1.61692
0.83, 1.61830
-0.04, 1.61969
0.17, 1.62108
0.65, 1.62247
0.04, 1.62384
-0.01, 1.62523
0.89, 1.62662
0.20, 1.62800
-0.04, 1.62939
0.67, 1.63078
0.36, 1.63217
-0.01, 1.63356
0.91, 1.63494
0.44, 1.63634
-0.04, 1.63774
0.81, 1.63912
0.70, 1.64050
-0.01, 1.64189
0.89, 1.64328
0.75, 1.64467
-0.04, 1.64606
1.02, 1.64745
0.86, 1.64884
-0.01, 1.65022
0.96, 1.65160
0.78, 1.65300
0.04, 1.65437
0.83, 1.65574
0.62, 1.65714
0.07, 1.65852
0.28, 1.65990
0.62, 1.66128
0.17, 1.66266
-0.04, 1.66405
0.62, 1.66543
0.52, 1.66682
-0.01, 1.66821
0.78, 1.66960
0.44, 1.67098
-0.01, 1.67236
0.67, 1.67375
0.22, 1.67512
-0.04, 1.67651
0.65, 1.67790
0.67, 1.67928
-0.04, 1.68067
0.75, 1.68206
0.59, 1.68344
-0.04, 1.68484
0.59, 1.68624
0.28, 1.68762
0.09, 1.68901
0.67, 1.69040
0.78, 1.69178
0.22, 1.69316
0.65, 1.69454
0.49, 1.69593
0.22, 1.69730
0.65, 1.69869
0.49, 1.70009
0.49, 1.70147
0.44, 1.70284
0.59, 1.70423
0.17, 1.70561
-0.01, 1.70700
0.52, 1.70840
0.59, 1.70978
-0.04, 1.71117
0.49, 1.71255
0.20, 1.71393
-0.01, 1.71531
0.67, 1.71672
0.57, 1.71810
0.01, 1.71949
0.44, 1.72088
0.33, 1.72225
0.20, 1.72364
0.62, 1.72503
0.59, 1.72642
0.09, 1.72781
0.36, 1.72920
0.25, 1.73058
0.38, 1.73197
0.67, 1.73335
0.49, 1.73473
0.07, 1.73612
0.36, 1.73750
0.62, 1.73889
0.49, 1.74028
0.38, 1.74166
0.22, 1.74306
0.30, 1.74443
0.30, 1.74581
0.44, 1.74721
0.25, 1.74860
0.04, 1.74997
0.57, 1.75137
0.46, 1.75276
0.09, 1.75414
0.30, 1.75552
0.36, 1.75690
0.25, 1.75828
0.46, 1.75967
0.36, 1.76104
0.28, 1.76242
0.41, 1.76381
0.41, 1.76519
0.36, 1.76658
0.33, 1.76796
0.33, 1.76934
0.44, 1.77074
0.44, 1.77212
0.30, 1.77350
0.20, 1.77489
0.41, 1.77627
0.33, 1.77765
0.12, 1.77904
0.28, 1.78043
0.44, 1.78182
0.33, 1.78320
0.01, 1.78458
0.22, 1.78597
0.36, 1.78735
0.01, 1.78872
0.25, 1.79011
0.17, 1.79148
0.04, 1.79287
0.38, 1.79425
0.17, 1.79562
0.09, 1.79701
0.41, 1.79840
0.36, 1.79978
0.01, 1.80116
0.25, 1.80254
0.38, 1.80393
0.07, 1.80532
0.28, 1.80671
0.17, 1.80808
0.30, 1.80946
0.36, 1.81085
0.25, 1.81224
0.20, 1.81362
0.46, 1.81502
0.36, 1.81640
0.09, 1.81780
-0.04, 1.81918
0.36, 1.82056
0.25, 1.82195
-0.04, 1.82334
0.25, 1.82471
0.44, 1.82611
-0.04, 1.82750
0.30, 1.82888
0.12, 1.83027
-0.04, 1.83165
0.36, 1.83304
0.12, 1.83442
0.04, 1.83580
0.46, 1.83718
0.41, 1.83857
0.04, 1.83996
0.22, 1.84134
0.33, 1.84272
0.01, 1.84410
0.25, 1.84550
0.07, 1.84687
0.28, 1.84825
0.44, 1.84965
0.28, 1.85104
0.01, 1.85244
-0.04, 1.85382
0.46, 1.85520
0.04, 1.85659
-0.04, 1.85798
0.33, 1.85935
0.41, 1.86074
-0.04, 1.86212
0.22, 1.86350
0.12, 1.86488
-0.04, 1.86627
0.44, 1.86765
0.07, 1.86904
-0.04, 1.87043
0.49, 1.87182
0.46, 1.87322
-0.04, 1.87460
0.15, 1.87598
0.30, 1.87736
-0.01, 1.87875
0.41, 1.88014
0.12, 1.88151
0.04, 1.88289
0.09, 1.88428
0.49, 1.88567
-0.01, 1.88705
-0.04, 1.88845
0.46, 1.88984
0.22, 1.89121
-0.04, 1.89261
0.25, 1.89399
0.25, 1.89537
-0.01, 1.89677
0.49, 1.89816
0.12, 1.89954
-0.01, 1.90093
0.46, 1.90232
0.44, 1.90370
-0.04, 1.90509
0.33, 1.90646
0.17, 1.90784
-0.01, 1.90923
0.49, 1.91061
0.38, 1.91200
-0.04, 1.91338
-0.01, 1.91476
0.30, 1.91616
-0.01, 1.91756
-0.04, 1.91894
0.20, 1.92033
0.01, 1.92172
-0.04, 1.92310
0.57, 1.92450
0.04, 1.92587
-0.04, 1.92726
0.25, 1.92866
0.25, 1.93004
-0.01, 1.93144
0.49, 1.93283
0.04, 1.93420
-0.01, 1.93560
0.52, 1.93698
0.38, 1.93836
-0.04, 1.93976
0.46, 1.94114
0.15, 1.94252
-0.04, 1.94391
0.01, 1.94529
0.52, 1.94668
-0.04, 1.94807
-0.01, 1.94945
0.09, 1.95084
-0.04, 1.95222
-0.01, 1.95361
0.57, 1.95501
-0.01, 1.95639
-0.04, 1.95777
0.33, 1.95916
-0.01, 1.96055
-0.04, 1.96194
0.62, 1.96333
-0.01, 1.96472
-0.04, 1.96611
0.22, 1.96749
0.15, 1.96887
-0.07, 1.97027
0.73, 1.97165
0.15, 1.97303
-0.04, 1.97443
-0.01, 1.97581
0.28, 1.97720
-0.04, 1.97860
-0.04, 1.97997
0.38, 1.98135
-0.04, 1.98275
-0.04, 1.98415
0.12, 1.98553
-0.04, 1.98693
-0.01, 1.98832
0.65, 1.98971
-0.04, 1.99111
-0.01, 1.99249
0.36, 1.99388
-0.01, 1.99527
-0.04, 1.99665
0.33, 1.99804
-0.04, 1.99943
-0.01, 2.00081
0.65, 2.00221
0.04, 2.00359
-0.01, 2.00497
-0.04, 2.00637
0.15, 2.00775
-0.04, 2.00914
-0.01, 2.01053
0.36, 2.01192
-0.04, 2.01332
-0.01, 2.01471
0.33, 2.01608
-0.01, 2.01747
-0.01, 2.01886
0.28, 2.02025
-0.04, 2.02165
-0.04, 2.02304
0.41, 2.02442
-0.04, 2.02581
-0.01, 2.02720
0.73, 2.02857
-0.04, 2.02995
-0.04, 2.03134
0.46, 2.03273
-0.01, 2.03412
-0.04, 2.03550
-0.01, 2.03689
-0.04, 2.03827
-0.01, 2.03966
-0.04, 2.04106
0.01, 2.04244
-0.04, 2.04383
-0.04, 2.04522
0.22, 2.04660
-0.01, 2.04799
-0.01, 2.04938
0.36, 2.05076
-0.01, 2.05216
-0.01, 2.05355
0.44, 2.05494
-0.04, 2.05633
-0.04, 2.05772
0.57, 2.05911
-0.04, 2.06050
-0.04, 2.06188
0.22, 2.06326
-0.04, 2.06465
-0.07, 2.06604
-0.01, 2.06742
-0.04, 2.06882
-0.04, 2.07020
-0.04, 2.07158
-0.04, 2.07297
-0.01, 2.07436
-0.04, 2.07576
-0.04, 2.07714
-0.04, 2.07852
-0.04, 2.07991
0.01, 2.08128
-0.04, 2.08268
-0.07, 2.08407
0.12, 2.08544
-0.04, 2.08683
-0.04, 2.08822
0.33, 2.08960
-0.01, 2.09098
-0.01, 2.09238
0.17, 2.09375
-0.01, 2.09515
-0.01, 2.09654
-0.04, 2.09792
-0.04, 2.09931
-0.04, 2.10070
-0.04, 2.10208
-0.04, 2.10347
-0.04, 2.10486
-0.01, 2.10624
-0.04, 2.10764
-0.04, 2.10903
-0.01, 2.11041
-0.04, 2.11181
-0.04, 2.11320
-0.01, 2.11459
-0.01, 2.11599
-0.04, 2.11737
-0.01, 2.11875
-0.04, 2.12014
-0.01, 2.12152
-0.04, 2.12290
-0.01, 2.12429
-0.01, 2.12568
-0.04, 2.12707
-0.01, 2.12846
-0.01, 2.12984
-0.01, 2.13124
-0.04, 2.13263
-0.01, 2.13401
-0.04, 2.13541
-0.01, 2.13680
-0.04, 2.13819
-0.04, 2.13958
-0.04, 2.14096
-0.04, 2.14235
-0.01, 2.14374
-0.04, 2.14513
-0.01, 2.14651
-0.01, 2.14790
-0.04, 2.14928
-0.01, 2.15068
-0.04, 2.15207
-0.04, 2.15344
0.17, 2.15483
-0.01, 2.15623
-0.04, 2.15762
0.57, 2.15900
-0.04, 2.16039
-0.04, 2.16178
0.57, 2.16317
-0.04, 2.16456
-0.04, 2.16595
-0.04, 2.16734
-0.01, 2.16872
-0.04, 2.17012
-0.01, 2.17152
-0.04, 2.17291
-0.04, 2.17430
-0.04, 2.17568
-0.04, 2.17706
-0.01, 2.17845
-0.01, 2.17984
0.09, 2.18122
-0.04, 2.18261
-0.04, 2.18400
0.28, 2.18538
-0.01, 2.18676
-0.04, 2.18815
0.65, 2.18955
-0.01, 2.19093
-0.04, 2.19232
0.96, 2.19371
-0.01, 2.19510
-0.04, 2.19648
0.96, 2.19787
-0.01, 2.19925
-0.01, 2.20064
0.75, 2.20203
-0.04, 2.20342
-0.04, 2.20482
0.49, 2.20621
-0.04, 2.20759
-0.04, 2.20898
0.33, 2.21035
0.12, 2.21173
-0.04, 2.21312
-0.04, 2.21451
0.41, 2.21588
-0.01, 2.21728
-0.04, 2.21867
0.54, 2.22006
-0.01, 2.22144
-0.01, 2.22283
0.73, 2.22422
-0.04, 2.22560
-0.01, 2.22698
1.10, 2.22836
-0.01, 2.22976
-0.01, 2.23114
1.18, 2.23254
-0.01, 2.23392
-0.04, 2.23531
1.04, 2.23670
-0.04, 2.23808
-0.01, 2.23947
1.33, 2.24086
0.09, 2.24224
-0.01, 2.24364
1.04, 2.24503
0.44, 2.24641
-0.01, 2.24780
0.41, 2.24918
0.52, 2.25056
-0.01, 2.25194
0.04, 2.25332
0.52, 2.25470
-0.01, 2.25608
0.09, 2.25747
0.99, 2.25885
-0.07, 2.26025
-0.01, 2.26164
0.81, 2.26302
-0.01, 2.26442
-0.04, 2.26580
1.25, 2.26718
-0.04, 2.26858
-0.04, 2.26996
1.02, 2.27134
0.01, 2.27272
-0.01, 2.27411
1.33, 2.27548
0.22, 2.27687
-0.04, 2.27825
1.12, 2.27964
0.38, 2.28103
-0.04, 2.28241
1.47, 2.28380
0.75, 2.28519
-0.04, 2.28657
0.81, 2.28796
0.54, 2.28935
-0.01, 2.29074
0.62, 2.29212
0.96, 2.29351
-0.04, 2.29490
0.04, 2.29628
0.91, 2.29766
-0.01, 2.29905
-0.01, 2.30044
0.78, 2.30182
-0.04, 2.30321
-0.01, 2.30460
1.07, 2.30598
0.12, 2.30736
-0.04, 2.30875
1.15, 2.31013
0.38, 2.31152
-0.01, 2.31291
1.18, 2.31430
0.52, 2.31566
-0.01, 2.31705
0.83, 2.31844
0.46, 2.31983
-0.04, 2.32121
0.96, 2.32259
0.41, 2.32397
-0.04, 2.32536
0.96, 2.32676
0.57, 2.32814
-0.01, 2.32952
0.91, 2.33091
0.70, 2.33229
-0.04, 2.33368
0.41, 2.33506
0.73, 2.33644
0.04, 2.33783
0.04, 2.33921
0.75, 2.34060
0.12, 2.34198
-0.04, 2.34337
0.78, 2.34476
0.20, 2.34614
-0.04, 2.34752
0.70, 2.34890
0.28, 2.35028
-0.04, 2.35166
0.62, 2.35304
0.22, 2.35442
-0.04, 2.35581
0.83, 2.35718
0.46, 2.35858
-0.01, 2.35996
0.89, 2.36136
0.78, 2.36274
-0.04, 2.36413
0.86, 2.36551
0.75, 2.36688
-0.04, 2.36828
0.83, 2.36966
0.59, 2.37106
0.01, 2.37243
0.59, 2.37382
0.59, 2.37521
0.20, 2.37659
0.46, 2.37798
0.70, 2.37936
0.41, 2.38074
0.36, 2.38213
0.83, 2.38352
0.25, 2.38489
-0.04, 2.38628
0.59, 2.38766
0.36, 2.38904
-0.04, 2.39042
0.70, 2.39180
0.62, 2.39319
-0.04, 2.39458
0.73, 2.39596
0.30, 2.39734
-0.01, 2.39872
0.62, 2.40010
0.54, 2.40149
-0.04, 2.40287
0.70, 2.40424
0.57, 2.40564
0.01, 2.40702
0.46, 2.40840
0.22, 2.40978
0.17, 2.41115
0.78, 2.41254
0.67, 2.41393
0.09, 2.41531
0.38, 2.41670
0.46, 2.41808
0.44, 2.41947
0.67, 2.42086
0.57, 2.42224
0.15, 2.42362
0.41, 2.42501
0.36, 2.42638
0.44, 2.42776
0.22, 2.42915
0.52, 2.43053
0.20, 2.43192
-0.01, 2.43331
0.49, 2.43469
0.59, 2.43608
-0.04, 2.43746
0.30, 2.43885
0.15, 2.44023
0.09, 2.44161
0.65, 2.44300
0.46, 2.44438
0.01, 2.44576
0.38, 2.44714
0.52, 2.44854
0.28, 2.44992
0.44, 2.45131
0.33, 2.45269
0.22, 2.45406
0.52, 2.45544
0.46, 2.45684
0.17, 2.45822
0.36, 2.45959
0.30, 2.46099
0.46, 2.46237
0.52, 2.46375
0.33, 2.46514
0.17, 2.46652
0.41, 2.46791
0.49, 2.46930
0.30, 2.47068
0.17, 2.47206
0.41, 2.47344
0.57, 2.47482
0.36, 2.47621
0.22, 2.47758
0.25, 2.47896
0.28, 2.48036
0.38, 2.48174
0.12, 2.48312
0.17, 2.48451
0.54, 2.48591
0.33, 2.48728
-0.04, 2.48868
0.28, 2.49007
0.44, 2.49145
0.09, 2.49284
0.09, 2.49421
0.25, 2.49560
0.38, 2.49698
0.36, 2.49836
0.12, 2.49975
0.22, 2.50113
0.49, 2.50252
0.30, 2.50391
-0.09, 2.50529
0.22, 2.50666
0.49, 2.50806
0.15, 2.50944
-0.04, 2.51083
0.28, 2.51223
0.44, 2.51361
-0.01, 2.51500
0.09, 2.51638
0.30, 2.51776
-0.01, 2.51915
0.28, 2.52055
0.01, 2.52192
0.12, 2.52330
0.46, 2.52468
0.25, 2.52605
-0.01, 2.52743
0.38, 2.52882
0.46, 2.53020
-0.01, 2.53160
0.12, 2.53299
0.28, 2.53437
0.28, 2.53577
0.30, 2.53715
0.09, 2.53853
0.33, 2.53991
0.15, 2.54128
0.30, 2.54267
-0.07, 2.54406
-0.01, 2.54544
0.46, 2.54683
0.12, 2.54822
-0.01, 2.54960
0.30, 2.55098
0.46, 2.55237
-0.04, 2.55376
0.20, 2.55515
0.12, 2.55653
-0.04, 2.55792
0.38, 2.55931
0.07, 2.56069
-0.01, 2.56208
0.52, 2.56347
0.41, 2.56484
-0.01, 2.56623
0.12, 2.56762
0.38, 2.56900
0.07, 2.57038
0.22, 2.57176
0.09, 2.57313
0.15, 2.57452
0.01, 2.57590
0.41, 2.57726
-0.04, 2.57867
-0.01, 2.58005
0.52, 2.58143
0.20, 2.58282
-0.04, 2.58421
0.30, 2.58559
0.41, 2.58698
-0.04, 2.58836
0.36, 2.58974
-0.04, 2.59114
-0.04, 2.59252
0.57, 2.59391
0.30, 2.59530
-0.04, 2.59668
0.41, 2.59806
0.49, 2.59944
-0.01, 2.60082
0.38, 2.60222
0.17, 2.60358
-0.01, 2.60497
0.17, 2.60636
0.46, 2.60776
0.01, 2.60914
-0.01, 2.61054
0.28, 2.61193
0.12, 2.61331
-0.04, 2.61470
0.28, 2.61608
-0.01, 2.61748
-0.01, 2.61887
0.54, 2.62025
0.09, 2.62164
-0.04, 2.62301
0.17, 2.62438
0.30, 2.62578
-0.01, 2.62716
0.52, 2.62854
0.04, 2.62993
-0.04, 2.63132
0.59, 2.63271
0.52, 2.63409
-0.04, 2.63548
0.20, 2.63685
0.22, 2.63823
-0.01, 2.63961
-0.01, 2.64100
0.46, 2.64238
-0.04, 2.64376
-0.04, 2.64516
0.22, 2.64654
-0.04, 2.64793
-0.04, 2.64933
0.44, 2.65072
0.01, 2.65210
-0.04, 2.65350
0.41, 2.65486
0.07, 2.65626
-0.01, 2.65766
0.38, 2.65904
0.01, 2.66042
-0.01, 2.66182
0.62, 2.66320
0.25, 2.66458
-0.01, 2.66598
0.36, 2.66736
0.20, 2.66874
-0.01, 2.67012
-0.01, 2.67151
0.49, 2.67290
-0.04, 2.67429
-0.04, 2.67568
0.12, 2.67706
-0.04, 2.67845
-0.01, 2.67984
0.59, 2.68123
-0.04, 2.68262
-0.04, 2.68402
0.25, 2.68539
-0.01, 2.68678
-0.04, 2.68818
0.54, 2.68956
-0.04, 2.69094
-0.04, 2.69233
0.57, 2.69372
-0.01, 2.69510
-0.01, 2.69650
0.38, 2.69787
0.17, 2.69924
-0.04, 2.70063
0.07, 2.70202
0.15, 2.70340
-0.01, 2.70479
-0.04, 2.70617
0.07, 2.70756
-0.01, 2.70896
-0.04, 2.71034
0.52, 2.71173
-0.04, 2.71311
-0.04, 2.71450
0.38, 2.71590
-0.04, 2.71728
-0.04, 2.71866
0.17, 2.72005
-0.04, 2.72144
-0.01, 2.72283
0.70, 2.72421
-0.01, 2.72560
-0.04, 2.72699
0.65, 2.72839
-0.04, 2.72977
-0.04, 2.73117
-0.01, 2.73255
-0.01, 2.73393
-0.01, 2.73534
-0.04, 2.73673
0.17, 2.73812
-0.04, 2.73952
-0.04, 2.74091
0.33, 2.74230
-0.04, 2.74367
-0.04, 2.74506
0.30, 2.74644
-0.04, 2.74782
-0.04, 2.74920
0.25, 2.75058
-0.04, 2.75197
-0.04, 2.75336
0.36, 2.75474
-0.04, 2.75613
-0.01, 2.75752
0.15, 2.75891
-0.04, 2.76029
-0.04, 2.76168
-0.01, 2.76308
-0.04, 2.76447
-0.01, 2.76586
-0.01, 2.76725
-0.04, 2.76864
-0.04, 2.77003
-0.01, 2.77143
-0.01, 2.77281
-0.04, 2.77421
-0.01, 2.77559
0.15, 2.77696
-0.04, 2.77836
-0.01, 2.77975
0.33, 2.78112
-0.01, 2.78252
-0.01, 2.78390
0.46, 2.78528
-0.01, 2.78668
-0.04, 2.78806
0.30, 2.78944
-0.04, 2.79082
-0.04, 2.79221
-0.01, 2.79359
-0.04, 2.79498
-0.04, 2.79637
-0.04, 2.79777
-0.01, 2.79916
-0.04, 2.80054
-0.04, 2.80194
-0.01, 2.80332
-0.04, 2.80472
-0.07, 2.80612
-0.04, 2.80751
-0.04, 2.80890
-0.04, 2.81030
-0.04, 2.81168
-0.04, 2.81307
-0.01, 2.81446
0.12, 2.81584
-0.04, 2.81723
-0.04, 2.81862
-0.04, 2.82000
-0.04, 2.82139
-0.04, 2.82278
-0.04, 2.82416
-0.01, 2.82556
-0.01, 2.82694
-0.04, 2.82833
-0.04, 2.82972
-0.04, 2.83110
-0.04, 2.83250
-0.01, 2.83389
-0.01, 2.83528
-0.04, 2.83667
-0.01, 2.83806
-0.01, 2.83944
-0.04, 2.84084
-0.04, 2.84223
-0.01, 2.84361
-0.07, 2.84501
0.09, 2.84639
-0.04, 2.84778
-0.04, 2.84917
0.36, 2.85054
-0.04, 2.85193
-0.04, 2.85332
0.15, 2.85470
-0.01, 2.85610
-0.04, 2.85748
-0.01, 2.85886
-0.01, 2.86026
-0.01, 2.86164
-0.01, 2.86303
-0.04, 2.86442
-0.04, 2.86582
-0.01, 2.86721
-0.01, 2.86860
-0.01, 2.86998
-0.01, 2.87137
-0.04, 2.87276
-0.01, 2.87415
-0.04, 2.87554
0.22, 2.87692
-0.04, 2.87832
-0.04, 2.87971
0.46, 2.88110
-0.04, 2.88248
-0.04, 2.88387
0.65, 2.88527
-0.01, 2.88665
-0.01, 2.88805
0.91, 2.88942
-0.04, 2.89082
-0.04, 2.89220
0.70, 2.89357
-0.01, 2.89496
-0.01, 2.89636
0.15, 2.89773
-0.01, 2.89912
-0.01, 2.90051
-0.04, 2.90189
-0.04, 2.90328
-0.01, 2.90466
-0.04, 2.90605
0.17, 2.90745
-0.04, 2.90884
-0.04, 2.91022
0.59, 2.91162
-0.01, 2.91300
-0.04, 2.91439
0.78, 2.91578
-0.01, 2.91716
-0.04, 2.91855
0.75, 2.91994
-0.01, 2.92132
-0.04, 2.92271
1.10, 2.92408
-0.04, 2.92547
-0.01, 2.92687
1.39, 2.92825
-0.01, 2.92964
-0.01, 2.93104
1.10, 2.93242
-0.04, 2.93381
-0.01, 2.93520
0.46, 2.93658
0.25, 2.93797
-0.01, 2.93936
0.17, 2.94074
0.46, 2.94212
-0.07, 2.94350
0.15, 2.94487
0.78, 2.94626
-0.04, 2.94764
-0.04, 2.94903
0.83, 2.95042
-0.04, 2.95180
-0.04, 2.95318
0.75, 2.95458
-0.04, 2.95596
-0.04, 2.95734
1.23, 2.95873
-0.01, 2.96012
-0.01, 2.96150
1.15, 2.96288
-0.01, 2.96427
-0.01, 2.96566
1.23, 2.96704
0.09, 2.96842
-0.01, 2.96981
1.44, 2.97119
0.36, 2.97257
-0.04, 2.97397
1.12, 2.97536
0.38, 2.97674
-0.04, 2.97814
0.86, 2.97952
0.86, 2.98090
-0.04, 2.98228
0.33, 2.98365
0.65, 2.98504
-0.01, 2.98643
0.22, 2.98780
1.10, 2.98918
-0.04, 2.99058
-0.04, 2.99196
0.89, 2.99335
-0.04, 2.99474
-0.01, 2.99612
1.04, 2.99752
0.01, 2.99891
-0.01, 3.00029
1.28, 3.00168
0.25, 3.00305
-0.04, 3.00444
0.91, 3.00582
0.33, 3.00720
-0.01, 3.00860
1.10, 3.00998
0.49, 3.01137
-0.01, 3.01276
1.23, 3.01415
0.78, 3.01553
-0.01, 3.01693
1.18, 3.01831
0.81, 3.01969
-0.04, 3.02108
0.62, 3.02247
0.78, 3.02385
-0.04, 3.02524
0.04, 3.02662
0.59, 3.02802
-0.04, 3.02941
-0.01, 3.03080
0.73, 3.03218
0.07, 3.03356
-0.04, 3.03494
0.83, 3.03632
0.17, 3.03769
-0.01, 3.03908
0.86, 3.04046
0.28, 3.04185
-0.04, 3.04324
0.91, 3.04462
0.38, 3.04602
-0.04, 3.04740
0.89, 3.04880
0.41, 3.05017
-0.04, 3.05156
0.81, 3.05294
0.41, 3.05432
-0.01, 3.05572
0.86, 3.05710
0.59, 3.05849
-0.04, 3.05988
0.73, 3.06126
0.62, 3.06264
0.07, 3.06403
0.70, 3.06540
0.70, 3.06678
0.20, 3.06816
0.28, 3.06955
0.94, 3.07093
0.28, 3.07233
-0.01, 3.07372
0.75, 3.07510
0.20, 3.07648
-0.01, 3.07787
0.52, 3.07926
0.25, 3.08064
-0.01, 3.08202
0.83, 3.08341
0.65, 3.08480
-0.04, 3.08618
0.75, 3.08756
0.57, 3.08893
-0.04, 3.09032
0.59, 3.09171
0.28, 3.09310
-0.01, 3.09448
0.83, 3.09587
0.75, 3.09726
0.07, 3.09864
0.70, 3.10002
0.57, 3.10140
0.04, 3.10277
0.44, 3.10416
0.38, 3.10554
0.30, 3.10692
0.86, 3.10830
0.75, 3.10969
0.20, 3.11106
0.33, 3.11244
0.52, 3.11382
0.38, 3.11520
0.17, 3.11656
0.65, 3.11795
0.46, 3.11934
-0.01, 3.12072
0.38, 3.12210
0.15, 3.12348
-0.04, 3.12488
0.70, 3.12625
0.52, 3.12764
-0.04, 3.12903
0.38, 3.13041
0.41, 3.13179
0.01, 3.13317
0.62, 3.13455
0.44, 3.13594
0.04, 3.13732
0.49, 3.13870
0.41, 3.14008
0.22, 3.14145
0.54, 3.14283
0.33, 3.14421
0.01, 3.14559
0.41, 3.14698
0.54, 3.14836
0.25, 3.14974
0.36, 3.15113
0.22, 3.15251
0.28, 3.15390
0.65, 3.15530
0.52, 3.15668
0.12, 3.15806
0.30, 3.15944
0.54, 3.16083
0.52, 3.16221
0.30, 3.16359
0.30, 3.16497
0.33, 3.16636
0.07, 3.16774
0.46, 3.16912
0.22, 3.17050
0.09, 3.17188
0.54, 3.17326
0.46, 3.17465
0.22, 3.17602
0.36, 3.17740
0.44, 3.17880
0.52, 3.18019
0.33, 3.18158
0.28, 3.18297
0.36, 3.18434
0.44, 3.18574
0.36, 3.18712
0.15, 3.18850
0.38, 3.18988
0.41, 3.19126
0.22, 3.19264
0.25, 3.19403
0.36, 3.19541
0.38, 3.19679
0.38, 3.19819
0.28, 3.19958
0.25, 3.20095
0.30, 3.20235
0.28, 3.20374
0.12, 3.20512
-0.04, 3.20652
0.41, 3.20790
0.25, 3.20928
0.01, 3.21066
0.44, 3.21204
0.38, 3.21342
-0.01, 3.21481
0.25, 3.21618
0.30, 3.21756
0.15, 3.21894
0.28, 3.22032
0.22, 3.22171
0.25, 3.22308
0.46, 3.22447
0.28, 3.22587
0.09, 3.22725
0.44, 3.22864
0.36, 3.23002
0.04, 3.23140
0.28, 3.23280
0.44, 3.23418
0.33, 3.23556
0.01, 3.23696
0.28, 3.23835
0.33, 3.23972
-0.01, 3.24111
0.25, 3.24250
0.12, 3.24388
-0.01, 3.24526
0.38, 3.24665
0.20, 3.24803
-0.07, 3.24943
0.46, 3.25082
0.38, 3.25220
-0.04, 3.25360
0.30, 3.25497
0.36, 3.25634
0.04, 3.25773
0.28, 3.25912
0.20, 3.26050
0.09, 3.26188
0.41, 3.26325
0.36, 3.26464
0.01, 3.26603
0.36, 3.26741
0.36, 3.26879
0.12, 3.27017
-0.01, 3.27156
0.30, 3.27296
0.33, 3.27435
-0.04, 3.27573
0.30, 3.27712
0.17, 3.27850
-0.04, 3.27988
0.38, 3.28127
0.17, 3.28264
-0.04, 3.28404
0.25, 3.28543
0.44, 3.28681
-0.01, 3.28820
0.33, 3.28958
0.07, 3.29097
-0.04, 3.29236
0.46, 3.29375
0.17, 3.29512
-0.04, 3.29651
0.44, 3.29791
0.54, 3.29929
0.01, 3.30068
-0.01, 3.30207
0.17, 3.30345
0.15, 3.30483
-0.04, 3.30621
0.28, 3.30760
0.01, 3.30898
-0.04, 3.31036
0.57, 3.31175
0.09, 3.31313
-0.04, 3.31452
0.25, 3.31590
0.41, 3.31728
-0.04, 3.31866
0.33, 3.32005
0.04, 3.32143
-0.04, 3.32281
0.54, 3.32420
0.36, 3.32558
-0.01, 3.32696
0.33, 3.32835
0.38, 3.32974
-0.04, 3.33113
0.46, 3.33251
0.20, 3.33389
-0.07, 3.33528
-0.01, 3.33668
0.46, 3.33806
-0.04, 3.33945
-0.04, 3.34084
0.07, 3.34222
-0.01, 3.34362
-0.01, 3.34501
0.52, 3.34639
0.01, 3.34778
-0.04, 3.34916
0.33, 3.35054
0.17, 3.35192
-0.01, 3.35330
0.46, 3.35468
0.01, 3.35607
-0.01, 3.35746
0.57, 3.35885
0.33, 3.36023
-0.01, 3.36162
0.38, 3.36300
0.15, 3.36437
-0.01, 3.36576
0.07, 3.36716
0.46, 3.36854
-0.04, 3.36992
-0.04, 3.37132
0.07, 3.37270
-0.01, 3.37409
-0.01, 3.37548
0.54, 3.37687
-0.04, 3.37826
-0.04, 3.37966
0.36, 3.38103
-0.04, 3.38242
-0.04, 3.38381
0.59, 3.38520
0.01, 3.38659
-0.04, 3.38797
0.20, 3.38935
0.07, 3.39074
-0.04, 3.39212
0.70, 3.39350
0.12, 3.39489
-0.01, 3.39628
0.04, 3.39766
0.22, 3.39904
-0.01, 3.40043
-0.04, 3.40182
0.38, 3.40322
-0.01, 3.40460
-0.07, 3.40599
0.12, 3.40736
-0.04, 3.40875
-0.04, 3.41014
0.57, 3.41152
-0.04, 3.41291
-0.04, 3.41430
0.46, 3.41568
-0.04, 3.41707
-0.01, 3.41847
0.22, 3.41984
-0.04, 3.42124
-0.04, 3.42263
0.73, 3.42400
-0.04, 3.42539
-0.07, 3.42679
0.20, 3.42816
0.01, 3.42954
-0.01, 3.43093
-0.04, 3.43232
0.07, 3.43371
-0.01, 3.43509
-0.01, 3.43648
0.30, 3.43788
-0.04, 3.43926
-0.04, 3.44065
0.22, 3.44203
-0.04, 3.44342
-0.04, 3.44482
0.15, 3.44620
-0.04, 3.44758
-0.04, 3.44898
0.49, 3.45037
-0.01, 3.45176
-0.04, 3.45316
0.65, 3.45455
-0.01, 3.45593
-0.01, 3.45733
0.07, 3.45871
-0.01, 3.46009
-0.01, 3.46149
-0.04, 3.46288
-0.04, 3.46427
-0.04, 3.46566
-0.01, 3.46704
0.01, 3.46842
-0.04, 3.46982
-0.01, 3.47120
0.04, 3.47260
-0.04, 3.47398
-0.04, 3.47536
0.25, 3.47675
-0.01, 3.47814
-0.04, 3.47952
0.41, 3.48091
-0.01, 3.48230
-0.01, 3.48368
0.44, 3.48507
-0.01, 3.48646
-0.04, 3.48786
-0.01, 3.48925
-0.01, 3.49064
-0.04, 3.49203
-0.01, 3.49342
-0.04, 3.49480
-0.04, 3.49619
-0.01, 3.49759
-0.01, 3.49897
-0.04, 3.50037
-0.04, 3.50176
-0.04, 3.50315
-0.04, 3.50454
-0.04, 3.50593
0.01, 3.50732
-0.04, 3.50870
-0.04, 3.51008
0.12, 3.51147
-0.04, 3.51285
-0.04, 3.51424
0.01, 3.51563
-0.04, 3.51701
-0.01, 3.51839
-0.01, 3.51979
-0.04, 3.52118
-0.04, 3.52257
-0.04, 3.52396
-0.04, 3.52535
-0.04, 3.52674
-0.04, 3.52814
-0.04, 3.52952
-0.04, 3.53092
-0.01, 3.53230
-0.01, 3.53368
-0.07, 3.53508
-0.01, 3.53646
-0.04, 3.53784
-0.01, 3.53924
-0.01, 3.54064
0.01, 3.54203
-0.01, 3.54342
-0.01, 3.54480
0.07, 3.54619
-0.04, 3.54758
-0.04, 3.54896
-0.01, 3.55034
-0.01, 3.55174
-0.04, 3.55313
-0.01, 3.55452
-0.01, 3.55591
-0.04, 3.55729
-0.01, 3.55869
-0.04, 3.56008
-0.04, 3.56147
-0.04, 3.56286
-0.01, 3.56424
-0.04, 3.56563
-0.04, 3.56702
-0.01, 3.56841
-0.04, 3.56981
-0.04, 3.57120
0.12, 3.57257
-0.01, 3.57397
-0.04, 3.57536
0.28, 3.57674
-0.04, 3.57814
-0.01, 3.57953
0.75, 3.58092
-0.04, 3.58230
-0.04, 3.58368
0.49, 3.58507
-0.04, 3.58646
-0.04, 3.58784
0.01, 3.58924
-0.01, 3.59063
-0.04, 3.59201
0.04, 3.59340
-0.01, 3.59478
-0.04, 3.59616
-0.04, 3.59756
-0.01, 3.59895
-0.04, 3.60033
-0.04, 3.60173
0.15, 3.60311
-0.04, 3.60450
-0.04, 3.60588
0.52, 3.60726
-0.01, 3.60865
-0.04, 3.61005
0.75, 3.61143
-0.04, 3.61282
-0.01, 3.61421
0.75, 3.61559
-0.04, 3.61699
-0.04, 3.61838
1.02, 3.61976
-0.04, 3.62116
-0.04, 3.62255
1.18, 3.62393
-0.04, 3.62533
-0.04, 3.62672
0.49, 3.62810
-0.01, 3.62949
-0.04, 3.63088
0.01, 3.63225
0.20, 3.63364
-0.04, 3.63502
0.01, 3.63641
0.46, 3.63779
-0.01, 3.63917
-0.04, 3.64057
0.83, 3.64195
-0.04, 3.64333
-0.01, 3.64472
0.81, 3.64610
-0.04, 3.64748
-0.04, 3.64887
0.75, 3.65026
-0.04, 3.65165
-0.04, 3.65304
1.25, 3.65442
-0.04, 3.65582
-0.01, 3.65721
1.12, 3.65859
-0.04, 3.65998
-0.01, 3.66137
1.33, 3.66275
0.22, 3.66415
-0.04, 3.66555
1.02, 3.66693
0.62, 3.66832
-0.01, 3.66972
0.20, 3.67109
0.52, 3.67246
-0.04, 3.67385
0.17, 3.67524
0.99, 3.67663
-0.04, 3.67801
-0.04, 3.67940
0.73, 3.68077
-0.01, 3.68216
-0.07, 3.68356
1.18, 3.68494
-0.01, 3.68632
-0.04, 3.68772
0.91, 3.68910
-0.01, 3.69049
-0.04, 3.69188
1.33, 3.69326
0.17, 3.69464
-0.04, 3.69603
1.15, 3.69742
0.25, 3.69881
-0.04, 3.70020
1.20, 3.70157
0.49, 3.70295
-0.04, 3.70433
1.39, 3.70572
0.73, 3.70710
-0.04, 3.70849
0.73, 3.70987
0.67, 3.71126
-0.04, 3.71264
0.44, 3.71403
0.78, 3.71542
-0.04, 3.71681
0.12, 3.71819
1.07, 3.71958
-0.04, 3.72096
-0.01, 3.72236
1.10, 3.72374
0.07, 3.72513
-0.04, 3.72652
0.99, 3.72790
0.25, 3.72927
-0.04, 3.73067
0.83, 3.73205
0.41, 3.73342
-0.04, 3.73481
0.78, 3.73620
0.30, 3.73758
-0.01, 3.73898
0.91, 3.74035
0.44, 3.74174
-0.04, 3.74314
0.91, 3.74451
0.46, 3.74590
-0.04, 3.74729
0.86, 3.74868
0.52, 3.75007
-0.04, 3.75145
0.57, 3.75284
0.62, 3.75422
0.01, 3.75560
0.17, 3.75697
0.49, 3.75837
0.15, 3.75976
-0.01, 3.76114
0.73, 3.76252
0.28, 3.76391
-0.01, 3.76530
0.70, 3.76668
0.54, 3.76807
-0.04, 3.76946
0.86, 3.77085
0.57, 3.77224
-0.04, 3.77363
0.89, 3.77502
0.49, 3.77641
-0.04, 3.77781
0.65, 3.77920
0.44, 3.78058
-0.04, 3.78197
0.62, 3.78335
0.46, 3.78474
0.01, 3.78612
0.94, 3.78751
0.83, 3.78890
0.09, 3.79028
0.75, 3.79166
0.57, 3.79305
0.15, 3.79442
0.28, 3.79580
0.36, 3.79718
0.38, 3.79857
0.17, 3.79995
0.81, 3.80134
0.38, 3.80271
-0.01, 3.80409
0.54, 3.80549
0.30, 3.80687
-0.04, 3.80826
0.52, 3.80964
0.59, 3.81103
-0.01, 3.81240
0.65, 3.81380
0.33, 3.81516
-0.04, 3.81655
0.62, 3.81794
0.65, 3.81933
0.04, 3.82072
0.59, 3.82211
0.44, 3.82349
0.09, 3.82488
0.38, 3.82626
0.49, 3.82764
0.33, 3.82903
0.65, 3.83043
0.46, 3.83182
0.07, 3.83321
0.46, 3.83460
0.67, 3.83598
0.46, 3.83737
0.30, 3.83875
0.36, 3.84014
0.28, 3.84152
-0.01, 3.84291
0.57, 3.84430
0.41, 3.84566
-0.01, 3.84704
0.44, 3.84844
0.33, 3.84982
0.01, 3.85120
0.52, 3.85260
0.28, 3.85397
0.01, 3.85535
0.41, 3.85674
0.54, 3.85813
0.09, 3.85951
0.33, 3.86090
0.20, 3.86227
0.30, 3.86365
0.65, 3.86504
0.46, 3.86643
0.01, 3.86782
0.33, 3.86920
0.59, 3.87058
0.38, 3.87196
0.30, 3.87334
0.36, 3.87472
0.46, 3.87612
0.62, 3.87751
0.36, 3.87889
0.07, 3.88028
0.46, 3.88167
0.59, 3.88306
0.38, 3.88444
0.20, 3.88582
0.41, 3.88721
0.57, 3.88860
0.36, 3.88998
0.20, 3.89136
0.33, 3.89274
0.36, 3.89412
0.38, 3.89551
0.22, 3.89688
0.17, 3.89826
0.54, 3.89966
0.36, 3.90104
-0.04, 3.90243
0.30, 3.90381
0.46, 3.90520
0.20, 3.90659
0.22, 3.90798
0.36, 3.90936
0.41, 3.91074
0.36, 3.91213
0.12, 3.91351
0.17, 3.91489
0.54, 3.91628
0.28, 3.91766
0.09, 3.91905
0.04, 3.92042
0.49, 3.92181
0.28, 3.92320
-0.01, 3.92459
0.38, 3.92597
0.49, 3.92737
-0.01, 3.92876
0.25, 3.93014
0.36, 3.93153
0.04, 3.93291
0.28, 3.93430
0.07, 3.93568
0.25, 3.93707
0.54, 3.93846
0.22, 3.93984
0.12, 3.94121
0.52, 3.94260
0.46, 3.94398
0.01, 3.94535
0.15, 3.94674
0.44, 3.94812
0.28, 3.94951
0.20, 3.95090
0.25, 3.95228
0.38, 3.95367
-0.01, 3.95507
0.25, 3.95646
0.04, 3.95785
-0.04, 3.95924
0.49, 3.96062
0.15, 3.96200
-0.04, 3.96339
0.52, 3.96478
0.49, 3.96618
-0.04, 3.96756
0.15, 3.96894
0.41, 3.97033
0.01, 3.97171
0.30, 3.97309
0.15, 3.97448
0.07, 3.97586
0.57, 3.97724
0.33, 3.97862
-0.01, 3.98002
0.30, 3.98140
0.52, 3.98280
0.07, 3.98417
-0.04, 3.98557
0.33, 3.98695
0.38, 3.98834
-0.04, 3.98974
0.22, 3.99111
0.17, 3.99249
-0.01, 3.99388
0.41, 3.99526
0.09, 3.99664
-0.01, 3.99804
0.44, 3.99943
0.44, 4.00082
-0.04, 4.00221
0.30, 4.00359
0.25, 4.00498
-0.01, 4.00637
0.44, 4.00776
0.17, 4.00914
-0.04, 4.01053
0.36, 4.01191
0.41, 4.01330
-0.01, 4.01468
-0.04, 4.01607
0.20, 4.01746
0.12, 4.01884
-0.01, 4.02024
0.28, 4.02164
0.01, 4.02302
-0.04, 4.02441
0.52, 4.02580
0.07, 4.02718
-0.04, 4.02857
0.22, 4.02994
0.33, 4.03132
-0.01, 4.03270
0.44, 4.03409
-0.01, 4.03548
-0.04, 4.03687
0.57, 4.03826
0.41, 4.03964
-0.04, 4.04104
0.25, 4.04242
0.36, 4.04380
0.01, 4.04518
0.04, 4.04656
0.25, 4.04794
-0.01, 4.04933
-0.04, 4.05072
0.41, 4.05210
-0.04, 4.05349
-0.04, 4.05488
0.22, 4.05626
0.01, 4.05763
-0.04, 4.05902
0.57, 4.06042
0.01, 4.06180
-0.01, 4.06319
0.22, 4.06458
0.17, 4.06595
-0.04, 4.06735
0.62, 4.06873
0.04, 4.07011
-0.01, 4.07149
0.44, 4.07289
0.41, 4.07427
-0.04, 4.07566
0.25, 4.07704
0.15, 4.07841
-0.04, 4.07981
-0.04, 4.08119
0.46, 4.08258
-0.01, 4.08397
-0.01, 4.08536
0.17, 4.08674
-0.04, 4.08813
-0.04, 4.08952
0.62, 4.09090
-0.04, 4.09228
-0.04, 4.09367
0.33, 4.09505
-0.04, 4.09644
-0.04, 4.09783
0.44, 4.09921
-0.01, 4.10060
-0.04, 4.10197
0.49, 4.10336
-0.01, 4.10475
-0.04, 4.10614
0.30, 4.10753
0.33, 4.10892
-0.04, 4.11031
-0.04, 4.11170
0.12, 4.11308
-0.04, 4.11448
-0.04, 4.11587
0.20, 4.11724
-0.01, 4.11862
-0.01, 4.12002
0.52, 4.12140
-0.01, 4.12278
-0.04, 4.12416
0.20, 4.12554
-0.04, 4.12694
-0.04, 4.12832
0.36, 4.12970
-0.04, 4.13109
-0.04, 4.13248
0.70, 4.13386
-0.04, 4.13526
-0.01, 4.13665
0.33, 4.13803
-0.04, 4.13942
-0.04, 4.14080
-0.01, 4.14218
0.01, 4.14357
-0.04, 4.14496
-0.04, 4.14636
0.12, 4.14773
-0.04, 4.14912
-0.04, 4.15051
0.12, 4.15188
-0.04, 4.15327
-0.04, 4.15466
0.12, 4.15604
-0.04, 4.15743
-0.01, 4.15883
0.41, 4.16020
-0.01, 4.16158
-0.04, 4.16298
0.57, 4.16436
-0.04, 4.16576
-0.04, 4.16715
0.65, 4.16854
-0.04, 4.16994
-0.01, 4.17132
-0.01, 4.17272
-0.04, 4.17411
-0.01, 4.17550
-0.04, 4.17688
-0.01, 4.17828
-0.04, 4.17967
-0.01, 4.18105
0.01, 4.18244
-0.04, 4.18383
-0.04, 4.18522
0.15, 4.18661
-0.04, 4.18800
-0.01, 4.18938
0.15, 4.19076
-0.04, 4.19215
-0.04, 4.19354
0.22, 4.19492
-0.04, 4.19632
-0.01, 4.19771
0.17, 4.19909
-0.04, 4.20048
-0.04, 4.20187
-0.01, 4.20326
-0.01, 4.20466
-0.07, 4.20605
-0.04, 4.20744
-0.04, 4.20883
-0.04, 4.21021
-0.04, 4.21160
-0.04, 4.21298
-0.01, 4.21437
-0.04, 4.21576
-0.01, 4.21715
-0.01, 4.21854
-0.01, 4.21992
0.01, 4.22131
-0.01, 4.22269
0.01, 4.22407
0.15, 4.22547
-0.04, 4.22685
-0.01, 4.22824
-0.01, 4.22964
-0.01, 4.23102
-0.01, 4.23242
-0.01, 4.23380
-0.07, 4.23518
-0.04, 4.23658
-0.07, 4.23798
-0.04, 4.23935
-0.01, 4.24075
-0.01, 4.24213
-0.01, 4.24351
-0.04, 4.24490
-0.04, 4.24628
-0.01, 4.24767
-0.01, 4.24907
-0.04, 4.25045
-0.01, 4.25184
-0.01, 4.25323
-0.01, 4.25461
-0.01, 4.25600
-0.04, 4.25738
-0.04, 4.25876
0.20, 4.26016
-0.01, 4.26155
-0.04, 4.26294
0.09, 4.26432
-0.04, 4.26571
-0.04, 4.26710
-0.01, 4.26848
-0.01, 4.26986
-0.01, 4.27126
-0.01, 4.27264
-0.04, 4.27403
-0.01, 4.27541
-0.01, 4.27680
-0.01, 4.27817
-0.04, 4.27957
-0.04, 4.28096
-0.01, 4.28235
-0.04, 4.28374
-0.04, 4.28512
-0.04, 4.28651
-0.04, 4.28790
-0.04, 4.28929
0.30, 4.29068
-0.04, 4.29207
-0.01, 4.29346
0.44, 4.29485
-0.04, 4.29623
-0.01, 4.29761
0.81, 4.29899
-0.01, 4.30037
-0.01, 4.30176
0.89, 4.30316
-0.04, 4.30455
-0.01, 4.30594
0.28, 4.30732
-0.04, 4.30870
-0.01, 4.31008
0.15, 4.31147
-0.07, 4.31285
0.01, 4.31423
0.04, 4.31562
-0.04, 4.31700
-0.04, 4.31839
-0.01, 4.31978
0.20, 4.32116
-0.01, 4.32256
-0.01, 4.32395
0.38, 4.32533
-0.04, 4.32672
-0.04, 4.32811
0.75, 4.32950
-0.04, 4.33088
-0.04, 4.33227
1.04, 4.33364
-0.04, 4.33504
-0.01, 4.33643
1.04, 4.33780
-0.04, 4.33919
-0.04, 4.34058
0.94, 4.34196
-0.04, 4.34335
-0.04, 4.34473
1.28, 4.34612
-0.04, 4.34752
-0.04, 4.34890
0.81, 4.35028
0.22, 4.35166
-0.07, 4.35305
0.15, 4.35444
0.38, 4.35582
-0.04, 4.35722
0.09, 4.35859
0.54, 4.35999
-0.01, 4.36138
-0.01, 4.36276
0.96, 4.36415
-0.04, 4.36554
-0.04, 4.36693
0.81, 4.36830
-0.01, 4.36970
-0.04, 4.37108
1.15, 4.37247
-0.01, 4.37388
-0.01, 4.37526
1.25, 4.37665
-0.04, 4.37804
-0.04, 4.37943
1.12, 4.38081
0.20, 4.38220
-0.04, 4.38357
1.44, 4.38496
0.52, 4.38635
-0.01, 4.38773
0.73, 4.38912
0.49, 4.39052
-0.04, 4.39191
0.59, 4.39330
0.91, 4.39466
-0.01, 4.39606
-0.01, 4.39745
0.83, 4.39884
-0.04, 4.40023
-0.04, 4.40162
1.04, 4.40301
-0.01, 4.40440
-0.04, 4.40579
1.18, 4.40717
-0.01, 4.40856
-0.04, 4.40994
0.89, 4.41132
0.15, 4.41271
-0.01, 4.41409
1.25, 4.41548
0.44, 4.41687
-0.01, 4.41825
1.15, 4.41964
0.62, 4.42102
-0.04, 4.42241
1.15, 4.42379
0.44, 4.42518
-0.04, 4.42656
1.02, 4.42795
0.65, 4.42934
-0.04, 4.43072
0.67, 4.43212
0.91, 4.43349
-0.07, 4.43488
0.15, 4.43628
1.07, 4.43766
-0.04, 4.43905
-0.01, 4.44044
0.96, 4.44182
0.17, 4.44321
-0.01, 4.44460
0.99, 4.44597
0.36, 4.44736
-0.01, 4.44876
0.86, 4.45014
0.52, 4.45152
-0.04, 4.45290
0.86, 4.45428
0.54, 4.45567
-0.01, 4.45706
0.96, 4.45845
0.75, 4.45985
-0.04, 4.46123
0.91, 4.46261
0.70, 4.46399
-0.04, 4.46537
1.07, 4.46676
0.83, 4.46816
-0.04, 4.46954
0.89, 4.47093
0.91, 4.47230
0.07, 4.47369
0.38, 4.47507
0.81, 4.47644
0.09, 4.47782
0.07, 4.47921
0.70, 4.48059
0.12, 4.48196
-0.01, 4.48336
0.67, 4.48476
0.38, 4.48614
-0.04, 4.48754
0.73, 4.48891
0.57, 4.49030
-0.04, 4.49167
0.94, 4.49306
0.54, 4.49444
-0.01, 4.49583
0.65, 4.49721
0.33, 4.49860
-0.01, 4.49998
0.57, 4.50136
0.52, 4.50276
-0.04, 4.50414
0.91, 4.50551
0.70, 4.50690
0.01, 4.50828
0.59, 4.50967
0.41, 4.51105
0.01, 4.51243
0.59, 4.51382
0.57, 4.51520
0.33, 4.51657
0.78, 4.51796
0.57, 4.51936
0.09, 4.52073
0.12, 4.52211
0.57, 4.52350
0.44, 4.52488
-0.01, 4.52626
0.65, 4.52765
0.28, 4.52904
-0.04, 4.53043
0.33, 4.53181
0.41, 4.53318
-0.01, 4.53459
0.67, 4.53597
0.38, 4.53736
0.01, 4.53875
0.57, 4.54013
0.59, 4.54152
0.09, 4.54290
0.54, 4.54429
0.38, 4.54568
0.17, 4.54706
0.46, 4.54844
0.57, 4.54983
0.33, 4.55120
0.49, 4.55258
0.28, 4.55398
0.20, 4.55536
0.59, 4.55674
0.59, 4.55814
0.22, 4.55950
0.28, 4.56089
0.30, 4.56228
0.52, 4.56365
0.54, 4.56504
0.38, 4.56642
0.09, 4.56780
-0.01, 4.56918
0.62, 4.57056
0.44, 4.57195
0.01, 4.57333
0.41, 4.57471
0.44, 4.57609
0.12, 4.57747
0.41, 4.57885
0.28, 4.58024
0.17, 4.58162
0.44, 4.58301
0.46, 4.58439
0.17, 4.58578
0.38, 4.58716
0.36, 4.58854
0.33, 4.58993
0.38, 4.59131
0.30, 4.59269
0.36, 4.59407
0.52, 4.59546
0.44, 4.59685
0.28, 4.59824
0.25, 4.59961
0.41, 4.60100
0.30, 4.60237
0.30, 4.60374
0.20, 4.60512
0.38, 4.60650
0.46, 4.60788
0.28, 4.60928
0.07, 4.61066
0.01, 4.61203
0.36, 4.61342
0.15, 4.61480
0.04, 4.61617
0.44, 4.61756
0.38, 4.61894
0.07, 4.62032
0.20, 4.62171
0.33, 4.62308
0.01, 4.62446
0.22, 4.62584
0.17, 4.62722
0.17, 4.62860
0.41, 4.62998
0.22, 4.63135
0.09, 4.63274
0.41, 4.63411
0.36, 4.63550
0.01, 4.63688
0.25, 4.63827
0.38, 4.63965
0.15, 4.64104
0.28, 4.64243
0.20, 4.64380
0.36, 4.64518
0.33, 4.64656
0.28, 4.64796
0.17, 4.64934
-0.04, 4.65072
0.41, 4.65211
0.09, 4.65349
-0.04, 4.65487
0.38, 4.65625
0.30, 4.65764
-0.04, 4.65902
0.25, 4.66040
0.41, 4.66177
-0.04, 4.66316
0.28, 4.66454
0.07, 4.66592
-0.04, 4.66730
0.41, 4.66869
0.17, 4.67006
0.01, 4.67145
0.44, 4.67285
0.46, 4.67424
-0.01, 4.67563
0.17, 4.67701
0.30, 4.67839
0.12, 4.67978
0.12, 4.68116
0.09, 4.68253
0.28, 4.68392
-0.01, 4.68531
0.33, 4.68669
-0.04, 4.68809
-0.04, 4.68947
0.49, 4.69086
0.17, 4.69224
-0.01, 4.69363
0.22, 4.69500
0.41, 4.69638
-0.04, 4.69777
0.28, 4.69916
-0.04, 4.70056
-0.04, 4.70194
0.54, 4.70332
0.20, 4.70470
-0.04, 4.70608
0.41, 4.70747
0.54, 4.70886
-0.04, 4.71024
0.20, 4.71162
0.17, 4.71300
0.04, 4.71438
0.20, 4.71577
0.25, 4.71716
0.04, 4.71854
-0.04, 4.71994
0.57, 4.72132
0.04, 4.72271
-0.01, 4.72409
0.30, 4.72547
0.33, 4.72686
-0.04, 4.72825
0.33, 4.72963
0.12, 4.73102
-0.04, 4.73241
0.46, 4.73380
0.25, 4.73518
-0.01, 4.73657
0.36, 4.73796
0.30, 4.73935
-0.01, 4.74074
0.49, 4.74213
0.15, 4.74352
-0.04, 4.74490
0.09, 4.74628
0.57, 4.74767
-0.01, 4.74905
-0.01, 4.75045
0.15, 4.75184
-0.01, 4.75322
-0.01, 4.75460
0.46, 4.75598
0.01, 4.75735
-0.01, 4.75875
0.46, 4.76013
0.09, 4.76150
-0.04, 4.76290
0.33, 4.76428
0.15, 4.76566
-0.07, 4.76706
0.49, 4.76844
0.22, 4.76982
-0.04, 4.77122
0.38, 4.77260
0.12, 4.77398
-0.01, 4.77538
0.52, 4.77676
0.28, 4.77814
-0.04, 4.77953
-0.04, 4.78092
0.28, 4.78230
-0.04, 4.78368
-0.01, 4.78506
0.36, 4.78646
-0.07, 4.78786
-0.04, 4.78924
0.38, 4.79063
-0.01, 4.79202
-0.01, 4.79341
0.52, 4.79480
-0.01, 4.79617
-0.04, 4.79757
0.30, 4.79896
0.07, 4.80034
-0.04, 4.80173
0.67, 4.80312
0.04, 4.80449
-0.07, 4.80588
0.30, 4.80727
0.28, 4.80866
-0.01, 4.81005
-0.04, 4.81144
0.25, 4.81283
-0.04, 4.81422
-0.01, 4.81560
0.09, 4.81700
-0.04, 4.81838
-0.04, 4.81976
0.57, 4.82114
-0.04, 4.82253
-0.04, 4.82391
0.28, 4.82530
-0.07, 4.82668
-0.04, 4.82806
0.28, 4.82945
-0.01, 4.83084
-0.04, 4.83223
0.70, 4.83362
-0.01, 4.83500
-0.04, 4.83639
0.33, 4.83778
0.01, 4.83916
-0.01, 4.84055
-0.01, 4.84195
0.12, 4.84332
-0.01, 4.84471
-0.04, 4.84610
0.15, 4.84747
-0.01, 4.84887
-0.04, 4.85025
0.15, 4.85163
-0.01, 4.85303
-0.04, 4.85441
0.28, 4.85580
-0.01, 4.85719
-0.01, 4.85858
0.54, 4.85995
-0.01, 4.86134
-0.04, 4.86272
0.57, 4.86411
-0.04, 4.86550
-0.04, 4.86688
0.41, 4.86827
-0.01, 4.86966
-0.01, 4.87104
-0.01, 4.87244
-0.04, 4.87383
-0.04, 4.87521
-0.01, 4.87661
-0.01, 4.87800
-0.01, 4.87939
-0.04, 4.88078
0.04, 4.88216
-0.04, 4.88355
-0.01, 4.88495
0.25, 4.88634
-0.04, 4.88774
-0.04, 4.88912
0.41, 4.89050
-0.04, 4.89189
-0.01, 4.89328
0.52, 4.89465
-0.04, 4.89605
-0.04, 4.89744
0.46, 4.89882
-0.04, 4.90021
-0.04, 4.90160
-0.01, 4.90299
-0.04, 4.90437
-0.01, 4.90576
-0.07, 4.90715
-0.01, 4.90854
-0.04, 4.90992
-0.01, 4.91130
-0.04, 4.91269
-0.04, 4.91408
-0.04, 4.91546
-0.07, 4.91686
-0.01, 4.91824
-0.01, 4.91964
0.04, 4.92102
-0.04, 4.92241
-0.04, 4.92380
0.17, 4.92517
-0.04, 4.92657
-0.01, 4.92796
-0.01, 4.92935
-0.04, 4.93074
-0.01, 4.93212
-0.04, 4.93351
-0.01, 4.93490
-0.04, 4.93628
-0.04, 4.93766
-0.04, 4.93906
-0.04, 4.94044
-0.04, 4.94184
-0.04, 4.94322
-0.04, 4.94460
-0.04, 4.94599
-0.04, 4.94738
-0.01, 4.94876
-0.04, 4.95015
-0.01, 4.95154
-0.01, 4.95292
-0.01, 4.95431
-0.01, 4.95570
-0.01, 4.95708
-0.04, 4.95846
0.15, 4.95985
-0.04, 4.96124
-0.01, 4.96264
0.04, 4.96401
-0.04, 4.96541
-0.04, 4.96680
-0.01, 4.96818
-0.01, 4.96957
-0.01, 4.97096
-0.04, 4.97235
-0.01, 4.97374
-0.04, 4.97512
-0.01, 4.97651
-0.01, 4.97791
-0.01, 4.97929
-0.01, 4.98068
-0.01, 4.98207
-0.01, 4.98345
-0.01, 4.98484
-0.04, 4.98623
-0.04, 4.98761
-0.04, 4.98901
0.15, 4.99039
-0.01, 4.99177
-0.04, 4.99317
0.36, 4.99456
-0.04, 4.99594
-0.01, 4.99733
0.83, 4.99872
-0.04, 5.00010
-0.01, 5.00149
0.57, 5.00288
-0.04, 5.00426
-0.01, 5.00566
0.07, 5.00704
-0.01, 5.00844
-0.04, 5.00982
-0.01, 5.01120
-0.04, 5.01259
-0.04, 5.01398
-0.01, 5.01536
-0.01, 5.01676
-0.04, 5.01815
-0.04, 5.01954
0.25, 5.02093
-0.04, 5.02232
-0.04, 5.02372
0.46, 5.02511
-0.04, 5.02649
-0.01, 5.02788
0.73, 5.02926
-0.04, 5.03064
-0.04, 5.03204
1.15, 5.03343
-0.01, 5.03481
-0.04, 5.03621
1.15, 5.03759
-0.04, 5.03898
-0.01, 5.04037
0.75, 5.04176
0.01, 5.04312
-0.04, 5.04452
0.59, 5.04591
0.01, 5.04728
-0.01, 5.04868
